Time,DriverNumber,LapTime,LapNumber,Stint,PitOutTime,PitInTime,Sector1Time,Sector2Time,Sector3Time,Sector1SessionTime,Sector2SessionTime,Sector3SessionTime,SpeedI1,SpeedI2,SpeedFL,SpeedST,IsPersonalBest,Compound,TyreLife,FreshTyre,LapStartTime,Team,Driver,TrackStatus,IsAccurate,LapStartDate
1640459,1,NA,1,2,1139843,1266934,NA,NA,NA,NA,NA,NA,204,NA,NA,178,FALSE,SOFT,1,TRUE,1139843,Red Bull Racing,VER,5,FALSE,1677942240840
1772394,1,NA,2,2,1640459,NA,NA,53666,38509,NA,1733926,1772394,219,217,288,141,FALSE,SOFT,3,FALSE,1640459,Red Bull Racing,VER,1,FALSE,1677942741456
1863689,1,91295,3,2,NA,NA,29152,39195,22948,1801546,1840741,1863689,240,270,288,322,FALSE,SOFT,4,FALSE,1772394,Red Bull Racing,VER,1,TRUE,1677942873391
1973501,1,109812,4,3,NA,1971749,35615,44953,29244,1899304,1944257,1973501,205,215,NA,234,FALSE,SOFT,2,FALSE,1863689,Red Bull Racing,VER,1,FALSE,1677942964686
2405688,1,NA,5,3,2268525,NA,NA,53390,45107,NA,2360602,2405820,170,155,287,142,FALSE,SOFT,2,TRUE,1973501,Red Bull Racing,VER,1,FALSE,1677943074498
2538204,1,132516,6,4,NA,2536255,48978,48136,35402,2454666,2502802,2538204,195,185,NA,135,FALSE,SOFT,1,TRUE,2405688,Red Bull Racing,VER,1,FALSE,1677943506685
3224711,1,NA,7,4,3099792,NA,NA,56693,30799,NA,3193946,3224711,182,172,289,171,FALSE,SOFT,2,TRUE,2538204,Red Bull Racing,VER,1,FALSE,1677943639201
3315214,1,90503,8,4,NA,NA,28925,38915,22663,3253636,3292551,3315214,240,270,288,323,FALSE,SOFT,3,TRUE,3224711,Red Bull Racing,VER,1,TRUE,1677944325708
3440970,1,125756,9,5,NA,3439192,38904,53517,33335,3354118,3407635,3440970,158,184,NA,204,FALSE,SOFT,1,TRUE,3315214,Red Bull Racing,VER,1,FALSE,1677944416211
4461316,1,NA,10,5,4346488,NA,NA,52962,27476,NA,4433861,4461345,188,196,289,168,FALSE,SOFT,2,TRUE,3440970,Red Bull Racing,VER,1,FALSE,1677944541967
4551213,1,89897,11,5,NA,NA,28722,38645,22530,4490038,4528683,4551213,242,269,288,321,FALSE,SOFT,3,TRUE,4461316,Red Bull Racing,VER,1,TRUE,1677945562313
4674706,1,123493,12,6,NA,4672904,38552,53439,31502,4589765,4643204,4674706,165,175,NA,220,FALSE,SOFT,1,TRUE,4551213,Red Bull Racing,VER,1,FALSE,1677945652210
4944764,1,NA,13,6,4827354,NA,NA,53775,27224,NA,4917540,4944930,184,202,289,158,FALSE,UNKNOWN,2,FALSE,4674706,Red Bull Racing,VER,1,FALSE,1677945775703
5034472,1,89708,14,6,NA,NA,28736,38514,22458,4973500,5012014,5034472,241,271,288,321,TRUE,UNKNOWN,3,FALSE,4944764,Red Bull Racing,VER,1,TRUE,1677946045761
5153334,1,118862,15,6,NA,5150583,38733,48236,31893,5073205,5121441,5153334,156,213,NA,202,FALSE,UNKNOWN,4,FALSE,5034472,Red Bull Racing,VER,1,FALSE,1677946135469
1706660,11,NA,1,2,1152655,1288512,NA,NA,NA,NA,NA,NA,NA,NA,NA,142,FALSE,SOFT,1,TRUE,1152655,Red Bull Racing,PER,5,FALSE,1677942253652
1835306,11,NA,2,2,1706660,NA,NA,44684,39395,NA,1795940,1835346,225,207,289,59,FALSE,SOFT,3,FALSE,1706660,Red Bull Racing,PER,1,FALSE,1677942807657
1926785,11,91479,3,2,NA,NA,29218,39397,22864,1864524,1903921,1926785,240,270,288,324,FALSE,SOFT,4,FALSE,1835306,Red Bull Racing,PER,1,TRUE,1677942936303
2042776,11,115991,4,3,NA,2040904,36429,48097,31465,1963214,2011311,2042776,210,180,NA,201,FALSE,SOFT,2,FALSE,1926785,Red Bull Racing,PER,1,FALSE,1677943027782
2418828,11,NA,5,3,2273994,NA,NA,55601,49918,NA,2369008,2418991,167,136,288,135,FALSE,SOFT,2,TRUE,2042776,Red Bull Racing,PER,1,FALSE,1677943143773
2537155,11,118327,6,4,NA,2535177,29006,52640,36681,2447834,2500474,2537155,241,161,NA,325,FALSE,SOFT,1,TRUE,2418828,Red Bull Racing,PER,1,FALSE,1677943519825
3232097,11,NA,7,4,3104870,NA,NA,58846,31901,NA,3200196,3232133,181,165,289,150,FALSE,SOFT,2,TRUE,2537155,Red Bull Racing,PER,1,FALSE,1677943638152
3322843,11,90746,8,4,NA,NA,28964,38997,22785,3261061,3300058,3322843,240,270,288,323,FALSE,SOFT,3,TRUE,3232097,Red Bull Racing,PER,1,TRUE,1677944333094
3450112,11,127269,9,5,NA,3448332,37634,56338,33297,3360477,3416815,3450112,162,161,NA,218,FALSE,SOFT,1,TRUE,3322843,Red Bull Racing,PER,1,FALSE,1677944423840
4466904,11,NA,10,5,4351878,NA,NA,53310,27172,NA,4439736,4467079,210,187,290,159,FALSE,SOFT,2,TRUE,3450112,Red Bull Racing,PER,1,FALSE,1677944551109
4557035,11,90131,11,5,NA,NA,28846,38747,22538,4495750,4534497,4557035,241,270,289,323,FALSE,SOFT,3,TRUE,4466904,Red Bull Racing,PER,1,TRUE,1677945567901
4685470,11,128435,12,6,NA,4683325,39052,55536,33847,4596087,4651623,4685470,162,168,NA,210,FALSE,SOFT,1,TRUE,4557035,Red Bull Racing,PER,1,FALSE,1677945658032
4950897,11,NA,13,6,4831604,NA,NA,56069,26478,NA,4924462,4951117,170,159,290,148,FALSE,UNKNOWN,2,FALSE,4685470,Red Bull Racing,PER,1,FALSE,1677945786467
5040743,11,89846,14,6,NA,NA,28723,38537,22586,4979620,5018157,5040743,241,271,288,324,TRUE,UNKNOWN,3,FALSE,4950897,Red Bull Racing,PER,1,TRUE,1677946051894
5167588,11,126845,15,6,NA,5163817,37691,51586,37568,5078434,5130020,5167588,181,170,NA,188,FALSE,UNKNOWN,4,FALSE,5040743,Red Bull Racing,PER,1,FALSE,1677946141740
1043329,16,NA,1,1,931596,NA,NA,49509,26893,NA,1016454,1043376,208,223,288,189,FALSE,MEDIUM,1,TRUE,931596,Ferrari,LEC,1,FALSE,1677942032593
1174783,16,131454,2,1,NA,NA,40852,62365,28237,1084181,1146546,1174783,172,167,287,323,FALSE,MEDIUM,2,TRUE,1043329,Ferrari,LEC,1,TRUE,1677942144326
1679177,16,NA,3,2,NA,1327980,NA,NA,NA,NA,NA,NA,NA,NA,NA,NA,FALSE,MEDIUM,1,TRUE,1174783,Ferrari,LEC,5,FALSE,1677942275780
1808645,16,NA,4,2,1679177,NA,NA,59445,27088,NA,1781565,1808799,187,188,288,100,FALSE,SOFT,NA,TRUE,1679177,Ferrari,LEC,1,FALSE,1677942780174
1899739,16,91094,5,2,NA,NA,29099,39134,22861,1837744,1876878,1899739,242,274,285,324,FALSE,SOFT,NA,TRUE,1808645,Ferrari,LEC,1,TRUE,1677942909642
2022236,16,122497,6,3,NA,2020436,43084,49614,29799,1942823,1992437,2022236,157,222,NA,211,FALSE,SOFT,NA,TRUE,1899739,Ferrari,LEC,1,FALSE,1677943000736
2394797,16,NA,7,3,2244856,NA,NA,63181,44465,NA,2350352,2395007,175,170,287,119,FALSE,SOFT,5,FALSE,2022236,Ferrari,LEC,1,FALSE,1677943123233
2507526,16,112729,8,4,NA,2505755,30002,51176,31551,2424799,2475975,2507526,203,230,NA,322,FALSE,SOFT,4,FALSE,2394797,Ferrari,LEC,1,FALSE,1677943495794
3209523,16,NA,9,4,3080198,NA,NA,57205,32241,NA,3177306,3209540,215,193,289,115,FALSE,SOFT,7,FALSE,2507526,Ferrari,LEC,1,FALSE,1677943608523
3301222,16,91699,10,4,NA,NA,29301,39434,22964,3238824,3278258,3301222,241,272,289,323,FALSE,SOFT,8,FALSE,3209523,Ferrari,LEC,1,TRUE,1677944310520
3416608,16,115386,11,5,NA,3414817,35844,48908,30634,3337066,3385974,3416608,213,218,NA,251,FALSE,SOFT,6,FALSE,3301222,Ferrari,LEC,1,FALSE,1677944402219
3728693,16,NA,12,5,3606298,NA,NA,52362,29183,NA,3699515,3728874,185,191,289,110,FALSE,SOFT,2,TRUE,3416608,Ferrari,LEC,1,FALSE,1677944517605
3818975,16,90282,13,5,NA,NA,28884,38729,22669,3757577,3796306,3818975,243,272,290,325,FALSE,SOFT,3,TRUE,3728693,Ferrari,LEC,1,TRUE,1677944829690
3942595,16,123620,14,6,NA,3940808,38615,53102,31903,3857590,3910692,3942595,164,179,NA,253,FALSE,SOFT,1,TRUE,3818975,Ferrari,LEC,1,FALSE,1677944919972
4474860,16,NA,15,6,4360378,NA,NA,52645,25540,NA,4449392,4474860,190,208,289,163,FALSE,SOFT,2,TRUE,3942595,Ferrari,LEC,1,FALSE,1677945043592
4564860,16,90000,16,6,NA,NA,28825,38614,22561,4503685,4542299,4564860,243,273,289,322,TRUE,SOFT,3,TRUE,4474860,Ferrari,LEC,1,TRUE,1677945575857
4689163,16,124303,17,6,NA,4687372,39209,52946,32148,4604069,4657015,4689163,178,182,NA,250,FALSE,SOFT,4,TRUE,4564860,Ferrari,LEC,1,FALSE,1677945665857
1050455,55,NA,1,1,934346,NA,NA,50194,28751,NA,1021704,1050500,205,219,288,158,FALSE,MEDIUM,1,TRUE,934346,Ferrari,SAI,1,FALSE,1677942035343
1142863,55,92408,2,1,NA,NA,29425,39878,23105,1079880,1119758,1142863,239,269,288,324,FALSE,MEDIUM,2,TRUE,1050455,Ferrari,SAI,1,TRUE,1677942151452
1693129,55,NA,3,2,NA,1289496,NA,NA,NA,NA,NA,NA,NA,NA,NA,255,FALSE,MEDIUM,1,TRUE,1142863,Ferrari,SAI,5,FALSE,1677942243860
1824492,55,NA,4,2,1693129,NA,NA,48863,33359,NA,1791143,1824658,180,188,290,61,FALSE,SOFT,2,TRUE,1693129,Ferrari,SAI,1,FALSE,1677942794126
1915485,55,90993,5,2,NA,NA,28887,39206,22900,1853379,1892585,1915485,242,271,288,326,FALSE,SOFT,3,TRUE,1824492,Ferrari,SAI,1,TRUE,1677942925489
2032057,55,116572,6,3,NA,2030264,36177,49274,31121,1951662,2000936,2032057,181,185,NA,253,FALSE,SOFT,1,TRUE,1915485,Ferrari,SAI,1,FALSE,1677943016482
3216144,55,NA,7,3,3082698,NA,NA,55304,33075,NA,3183071,3216149,179,71,288,76,FALSE,SOFT,5,FALSE,2032057,Ferrari,SAI,1,FALSE,1677943133054
3307607,55,91463,8,3,NA,NA,29184,39406,22873,3245328,3284734,3307607,241,270,289,323,FALSE,SOFT,6,FALSE,3216144,Ferrari,SAI,1,TRUE,1677944317141
3420979,55,113372,9,4,NA,3419129,34855,48590,29927,3342462,3391052,3420979,189,193,NA,280,FALSE,SOFT,4,FALSE,3307607,Ferrari,SAI,1,FALSE,1677944408604
3734179,55,NA,10,4,3607985,NA,NA,53244,29086,NA,3705093,3734374,145,169,289,84,FALSE,SOFT,2,TRUE,3420979,Ferrari,SAI,1,FALSE,1677944521976
3824694,55,90515,11,4,NA,NA,28780,39032,22703,3762959,3801991,3824694,242,270,290,326,FALSE,SOFT,3,TRUE,3734179,Ferrari,SAI,1,TRUE,1677944835176
3944915,55,120221,12,5,NA,3943120,36752,51660,31809,3861446,3913106,3944915,172,176,NA,249,FALSE,SOFT,1,TRUE,3824694,Ferrari,SAI,1,FALSE,1677944925691
4482319,55,NA,13,5,4363378,NA,NA,53408,27819,NA,4454501,4482485,171,185,289,138,FALSE,SOFT,2,TRUE,3944915,Ferrari,SAI,1,FALSE,1677945045912
4572680,55,90361,14,5,NA,NA,28735,38965,22661,4511054,4550019,4572680,242,269,289,323,FALSE,SOFT,3,TRUE,4482319,Ferrari,SAI,1,TRUE,1677945583316
4691612,55,118932,15,6,NA,4689685,35889,49851,33192,4608569,4658420,4691612,177,171,NA,243,FALSE,SOFT,1,TRUE,4572680,Ferrari,SAI,1,FALSE,1677945673677
4959663,55,NA,16,6,4835151,NA,NA,57316,28139,NA,4931524,4959852,189,167,288,134,FALSE,UNKNOWN,2,FALSE,4691612,Ferrari,SAI,1,FALSE,1677945792609
5049817,55,90154,17,6,NA,NA,28739,38700,22715,4988402,5027102,5049817,243,270,288,323,TRUE,UNKNOWN,3,FALSE,4959663,Ferrari,SAI,1,TRUE,1677946060660
5167332,55,NA,18,6,NA,5167332,37978,51252,NA,5087802,5139036,NA,161,189,NA,227,FALSE,UNKNOWN,4,FALSE,5049817,Ferrari,SAI,1,FALSE,1677946150814
1779199,14,NA,1,1,1649646,NA,NA,52629,30427,NA,1748832,1779237,181,235,285,95,FALSE,SOFT,1,TRUE,1649646,Aston Martin,ALO,1,FALSE,1677942750643
1870357,14,91158,2,1,NA,NA,29259,39038,22861,1808458,1847496,1870357,240,268,285,318,FALSE,SOFT,2,TRUE,1779199,Aston Martin,ALO,1,TRUE,1677942880196
1989832,14,119475,3,2,NA,1988062,36445,50338,32692,1906802,1957140,1989832,193,176,NA,189,FALSE,SOFT,1,TRUE,1870357,Aston Martin,ALO,1,FALSE,1677942971354
2371452,14,NA,4,2,2226292,NA,NA,51738,44553,NA,2326899,2371633,167,186,286,107,FALSE,SOFT,5,FALSE,1989832,Aston Martin,ALO,1,FALSE,1677943090829
2462680,14,91228,5,2,NA,NA,29127,39239,22862,2400579,2439818,2462680,240,268,285,317,FALSE,SOFT,6,FALSE,2371452,Aston Martin,ALO,1,TRUE,1677943472449
2583886,14,121206,6,3,NA,2582051,33967,50526,36713,2496647,2547173,2583886,185,146,NA,242,FALSE,SOFT,4,FALSE,2462680,Aston Martin,ALO,1,FALSE,1677943563677
3181642,14,NA,7,3,3050074,NA,NA,53159,36242,NA,3145400,3181649,151,103,286,141,FALSE,SOFT,2,TRUE,2583886,Aston Martin,ALO,1,FALSE,1677943684883
3272736,14,91094,8,3,NA,NA,29132,39075,22887,3210774,3249849,3272736,241,266,283,318,FALSE,SOFT,3,TRUE,3181642,Aston Martin,ALO,1,TRUE,1677944282639
3392644,14,119908,9,4,NA,3390833,37615,51366,30927,3310351,3361717,3392644,179,192,NA,212,FALSE,SOFT,1,TRUE,3272736,Aston Martin,ALO,1,FALSE,1677944373733
3716399,14,NA,10,4,3586845,NA,NA,55380,30033,NA,3686375,3716577,188,186,287,141,FALSE,SOFT,2,TRUE,3392644,Aston Martin,ALO,1,FALSE,1677944493641
3807044,14,90645,11,4,NA,NA,29012,38987,22646,3745411,3784398,3807044,241,267,287,320,FALSE,SOFT,3,TRUE,3716399,Aston Martin,ALO,1,TRUE,1677944817396
3934393,14,127349,12,5,NA,3932605,40070,53190,34089,3847114,3900304,3934393,172,180,NA,161,FALSE,SOFT,1,TRUE,3807044,Aston Martin,ALO,1,FALSE,1677944908041
4700776,14,NA,13,5,4587983,NA,NA,50880,26077,NA,4674701,4700778,201,183,286,163,FALSE,SOFT,2,TRUE,3934393,Aston Martin,ALO,1,FALSE,1677945035390
4791112,14,90336,14,5,NA,NA,28852,38774,22710,4729628,4768402,4791112,242,267,284,317,TRUE,SOFT,3,TRUE,4700776,Aston Martin,ALO,1,TRUE,1677945801773
4918291,14,127179,15,5,NA,4916399,37376,54321,35482,4828488,4882809,4918291,193,163,NA,182,FALSE,SOFT,4,TRUE,4791112,Aston Martin,ALO,1,FALSE,1677945892109
1814112,63,NA,1,1,1684130,NA,NA,52355,38303,NA,1775847,1814112,209,191,288,160,FALSE,SOFT,NA,TRUE,1684130,Mercedes,RUS,1,FALSE,1677942785127
1905169,63,91057,2,1,NA,NA,28967,39224,22866,1843079,1882303,1905169,242,271,289,320,FALSE,SOFT,NA,TRUE,1814112,Mercedes,RUS,1,TRUE,1677942915109
2027494,63,122325,3,2,NA,2025670,39425,51184,31716,1944594,1995778,2027494,157,172,NA,233,FALSE,SOFT,NA,TRUE,1905169,Mercedes,RUS,1,FALSE,1677943006166
2410524,63,NA,4,2,2256447,NA,NA,64987,48371,NA,2362164,2410710,142,183,287,156,FALSE,SOFT,5,FALSE,2027494,Mercedes,RUS,1,FALSE,1677943128491
2502242,63,91718,5,2,NA,NA,29295,39432,22991,2439819,2479251,2502242,241,271,287,318,FALSE,SOFT,6,FALSE,2410524,Mercedes,RUS,1,TRUE,1677943511521
2616364,63,114122,6,3,NA,2614566,35019,47337,31766,2537261,2584598,2616364,202,171,NA,259,FALSE,SOFT,4,FALSE,2502242,Mercedes,RUS,1,FALSE,1677943603239
3198822,63,NA,7,3,3068245,NA,NA,61133,31660,NA,3167228,3198852,163,134,287,183,FALSE,SOFT,2,TRUE,2616364,Mercedes,RUS,1,FALSE,1677943717361
3289908,63,91086,8,3,NA,NA,29075,39208,22803,3227897,3267105,3289908,243,270,289,319,FALSE,SOFT,3,TRUE,3198822,Mercedes,RUS,1,TRUE,1677944299819
3412679,63,122771,9,4,NA,3410864,37629,53200,31942,3327537,3380737,3412679,172,169,NA,248,FALSE,SOFT,1,TRUE,3289908,Mercedes,RUS,1,FALSE,1677944390905
3745452,63,NA,10,4,3630766,NA,NA,50981,27703,NA,3717749,3745655,184,179,289,180,FALSE,SOFT,2,TRUE,3412679,Mercedes,RUS,1,FALSE,1677944513676
3835959,63,90507,11,4,NA,NA,28845,39046,22616,3774297,3813343,3835959,243,270,290,320,FALSE,SOFT,3,TRUE,3745452,Mercedes,RUS,1,TRUE,1677944846449
3960105,63,124146,12,5,NA,3958323,39947,51438,32761,3875906,3927344,3960105,161,168,NA,201,FALSE,SOFT,1,TRUE,3835959,Mercedes,RUS,1,FALSE,1677944936956
4729393,63,NA,13,5,4614717,NA,NA,52295,26318,NA,4703075,4729575,175,192,288,171,FALSE,SOFT,2,TRUE,3960105,Mercedes,RUS,1,FALSE,1677945061102
4819733,63,90340,14,5,NA,NA,28911,38870,22559,4758304,4797174,4819733,244,270,288,317,TRUE,SOFT,3,TRUE,4729393,Mercedes,RUS,1,TRUE,1677945830390
4947250,63,127517,15,5,NA,4944993,42455,50405,34657,4862188,4912593,4947250,155,174,NA,148,FALSE,SOFT,4,TRUE,4819733,Mercedes,RUS,1,FALSE,1677945920730
1818693,44,NA,1,1,1689334,NA,NA,53124,33139,NA,1785581,1818705,160,162,289,147,FALSE,SOFT,NA,TRUE,1689334,Mercedes,HAM,1,FALSE,1677942790331
1910236,44,91543,2,1,NA,NA,29062,39442,23039,1847755,1887197,1910236,244,271,286,321,FALSE,SOFT,NA,TRUE,1818693,Mercedes,HAM,1,TRUE,1677942919690
2030077,44,119841,3,2,NA,2028248,36811,52194,30836,1947047,1999241,2030077,168,197,NA,227,FALSE,SOFT,NA,TRUE,1910236,Mercedes,HAM,1,FALSE,1677943011233
2414755,44,NA,4,2,2258963,NA,NA,61262,51358,NA,2363445,2414945,137,102,290,144,FALSE,SOFT,5,FALSE,2030077,Mercedes,HAM,1,FALSE,1677943131074
2506409,44,91654,5,2,NA,NA,29194,39479,22981,2443949,2483428,2506409,242,271,289,324,FALSE,SOFT,6,FALSE,2414755,Mercedes,HAM,1,TRUE,1677943515752
2618937,44,112528,6,3,NA,2617128,32294,48820,31414,2538703,2587523,2618937,187,200,NA,285,FALSE,SOFT,4,FALSE,2506409,Mercedes,HAM,1,FALSE,1677943607406
3202306,44,NA,7,3,3072433,NA,NA,56329,33391,NA,3168915,3202321,183,189,290,144,FALSE,SOFT,2,TRUE,2618937,Mercedes,HAM,1,FALSE,1677943719934
3293207,44,90901,8,3,NA,NA,28940,39166,22795,3231246,3270412,3293207,242,271,289,322,FALSE,SOFT,3,TRUE,3202306,Mercedes,HAM,1,TRUE,1677944303303
3405025,44,111818,9,4,NA,3403239,34866,49637,27315,3328073,3377710,3405025,171,246,NA,278,FALSE,SOFT,1,TRUE,3293207,Mercedes,HAM,1,FALSE,1677944394204
3750280,44,NA,10,4,3633579,NA,NA,51295,30536,NA,3719749,3750467,181,187,290,163,FALSE,SOFT,2,TRUE,3405025,Mercedes,HAM,1,FALSE,1677944506022
3840793,44,90513,11,4,NA,NA,28844,39045,22624,3779124,3818169,3840793,242,270,289,322,FALSE,SOFT,3,TRUE,3750280,Mercedes,HAM,1,TRUE,1677944851277
3953455,44,112662,12,5,NA,3951667,35945,48970,27747,3876738,3925708,3953455,176,199,NA,272,FALSE,SOFT,1,TRUE,3840793,Mercedes,HAM,1,FALSE,1677944941790
4734186,44,NA,13,5,4618655,NA,NA,51231,28439,NA,4705747,4734246,197,162,288,156,FALSE,SOFT,2,TRUE,3953455,Mercedes,HAM,1,FALSE,1677945054452
4824570,44,90384,14,5,NA,NA,28939,38829,22616,4763125,4801954,4824570,242,271,288,319,TRUE,SOFT,3,TRUE,4734186,Mercedes,HAM,1,TRUE,1677945835183
4940434,44,115864,15,5,NA,4938633,36389,49496,29979,4860959,4910455,4940434,156,194,NA,220,FALSE,SOFT,4,TRUE,4824570,Mercedes,HAM,1,FALSE,1677945925567
1757035,18,NA,1,1,1634693,NA,NA,46213,41715,NA,1715348,1757035,210,212,285,166,FALSE,SOFT,1,TRUE,1634693,Aston Martin,STR,1,FALSE,1677942735690
1848652,18,91617,2,1,NA,NA,29266,39428,22923,1786301,1825729,1848652,241,268,287,317,FALSE,SOFT,2,TRUE,1757035,Aston Martin,STR,1,TRUE,1677942858032
1969384,18,120732,3,2,NA,1967593,38455,49811,32466,1887107,1936918,1969384,173,186,NA,145,FALSE,SOFT,1,TRUE,1848652,Aston Martin,STR,1,FALSE,1677942949649
2322136,18,NA,4,2,2210230,NA,NA,46258,31543,NA,2290619,2322290,176,233,286,181,FALSE,SOFT,2,TRUE,1969384,Aston Martin,STR,1,FALSE,1677943070381
2413320,18,91184,5,2,NA,NA,28966,39390,22828,2351102,2390492,2413320,242,268,287,318,FALSE,SOFT,3,TRUE,2322136,Aston Martin,STR,1,TRUE,1677943423133
2535157,18,121837,6,3,NA,2533349,42752,47304,31781,2456072,2503376,2535157,181,187,NA,201,FALSE,SOFT,1,TRUE,2413320,Aston Martin,STR,1,FALSE,1677943514317
3150232,18,NA,7,3,3037840,NA,NA,47438,29300,NA,3120932,3150244,160,206,285,137,FALSE,SOFT,5,FALSE,2535157,Aston Martin,STR,1,FALSE,1677943636154
3242537,18,92305,8,3,NA,NA,29581,39779,22945,3179813,3219592,3242537,241,267,285,316,FALSE,SOFT,6,FALSE,3150232,Aston Martin,STR,1,TRUE,1677944251229
3352939,18,110402,9,4,NA,3351162,31847,45969,32586,3274384,3320353,3352939,190,205,NA,205,FALSE,SOFT,4,FALSE,3242537,Aston Martin,STR,1,FALSE,1677944343534
3756767,18,NA,10,4,3639704,NA,NA,52146,33576,NA,3723233,3756936,192,183,286,NA,FALSE,SOFT,2,TRUE,3352939,Aston Martin,STR,1,FALSE,1677944453936
3847894,18,91127,11,4,NA,NA,29038,39302,22787,3785805,3825107,3847894,242,267,280,320,FALSE,SOFT,3,TRUE,3756767,Aston Martin,STR,1,TRUE,1677944857764
3965443,18,117549,12,5,NA,3963635,34494,50137,32918,3882388,3932525,3965443,185,169,NA,254,FALSE,SOFT,1,TRUE,3847894,Aston Martin,STR,1,FALSE,1677944948891
4487609,18,NA,13,5,4366315,NA,NA,52025,32108,NA,4455501,4487782,206,159,285,160,FALSE,SOFT,5,FALSE,3965443,Aston Martin,STR,1,FALSE,1677945066440
4579535,18,91926,14,5,NA,NA,29329,39681,22916,4516938,4556619,4579535,240,267,283,318,FALSE,SOFT,6,FALSE,4487609,Aston Martin,STR,1,TRUE,1677945588606
4690724,18,111189,15,6,NA,4688935,32773,46940,31476,4612308,4659248,4690724,181,169,NA,254,FALSE,SOFT,4,FALSE,4579535,Aston Martin,STR,1,FALSE,1677945680532
4907608,18,NA,16,6,4793964,NA,NA,54242,27255,NA,4880353,4907759,158,209,285,182,FALSE,SOFT,2,TRUE,4690724,Aston Martin,STR,1,FALSE,1677945791721
4998444,18,90836,17,6,NA,NA,29033,39070,22733,4936641,4975711,4998444,243,266,285,317,TRUE,SOFT,3,TRUE,4907608,Aston Martin,STR,1,TRUE,1677946008605
5121599,18,NA,18,6,NA,5121599,35586,55846,NA,5034038,5089912,NA,177,137,NA,255,FALSE,SOFT,4,TRUE,4998444,Aston Martin,STR,1,FALSE,1677946099441
1801448,31,NA,1,1,1675989,NA,NA,60129,27304,NA,1774144,1801471,184,125,287,123,FALSE,SOFT,1,TRUE,1675989,Alpine,OCO,1,FALSE,1677942776986
1893136,31,91688,2,1,NA,NA,29321,39398,22969,1830769,1870167,1893136,241,270,285,321,FALSE,SOFT,2,TRUE,1801448,Alpine,OCO,1,TRUE,1677942902445
2014461,31,121325,3,2,NA,2012671,36034,51900,33391,1929170,1981070,2014461,166,180,NA,284,FALSE,SOFT,1,TRUE,1893136,Alpine,OCO,1,FALSE,1677942994133
2363128,31,NA,4,2,2222354,NA,NA,56882,37534,NA,2325618,2363320,172,212,288,69,FALSE,SOFT,2,TRUE,2014461,Alpine,OCO,1,FALSE,1677943115458
2454636,31,91508,5,2,NA,NA,29221,39356,22931,2392349,2431705,2454636,240,268,286,321,FALSE,SOFT,3,TRUE,2363128,Alpine,OCO,1,TRUE,1677943464125
2573101,31,118465,6,3,NA,2571317,35936,49839,32690,2490572,2540411,2573101,175,170,NA,293,FALSE,SOFT,1,TRUE,2454636,Alpine,OCO,1,FALSE,1677943555633
3156552,31,NA,7,3,3034824,NA,NA,50713,32995,NA,3123557,3156556,202,177,288,109,FALSE,SOFT,5,FALSE,2573101,Alpine,OCO,1,FALSE,1677943674098
3248919,31,92367,8,3,NA,NA,29418,39796,23153,3185970,3225766,3248919,240,269,287,320,FALSE,SOFT,6,FALSE,3156552,Alpine,OCO,1,TRUE,1677944257549
3370311,31,121392,9,4,NA,3368521,36478,52398,32516,3285397,3337795,3370311,150,181,NA,293,FALSE,SOFT,4,FALSE,3248919,Alpine,OCO,1,FALSE,1677944349916
3687787,31,NA,10,4,3568127,NA,NA,55005,28187,NA,3659610,3687984,151,137,289,134,FALSE,SOFT,2,TRUE,3370311,Alpine,OCO,1,FALSE,1677944471308
3778701,31,90914,11,4,NA,NA,29111,39107,22696,3716898,3756005,3778701,241,269,287,320,FALSE,SOFT,3,TRUE,3687787,Alpine,OCO,1,TRUE,1677944788784
3903335,31,124634,12,5,NA,3901574,37008,53600,34026,3815709,3869309,3903335,164,158,NA,265,FALSE,SOFT,1,TRUE,3778701,Alpine,OCO,1,FALSE,1677944879698
4922846,31,NA,13,5,4801167,NA,NA,56871,27161,NA,4895743,4923009,144,152,289,132,FALSE,UNKNOWN,2,FALSE,3903335,Alpine,OCO,1,FALSE,1677945004332
5013830,31,90984,14,5,NA,NA,29026,39104,22854,4951872,4990976,5013830,242,270,286,320,TRUE,UNKNOWN,3,FALSE,4922846,Alpine,OCO,1,TRUE,1677946023843
5138161,31,NA,15,5,NA,5138161,42909,50232,NA,5056725,5106958,NA,123,189,NA,238,FALSE,UNKNOWN,4,FALSE,5013830,Alpine,OCO,1,FALSE,1677946114827
977814,27,NA,1,1,NA,NA,NA,NA,NA,NA,NA,NA,NA,NA,NA,181,FALSE,NA,NA,NA,NA,Haas F1 Team,HUL,1,FALSE,NA
1100598,27,NA,2,1,977814,NA,NA,57378,28942,NA,1071656,1100890,169,152,285,NA,FALSE,SOFT,2,TRUE,977814,Haas F1 Team,HUL,1,FALSE,1677942078811
1632240,27,NA,3,2,NA,1202810,29705,39692,NA,1130343,1170014,NA,240,270,NA,317,FALSE,SOFT,1,TRUE,1100598,Haas F1 Team,HUL,5,FALSE,1677942201595
1765406,27,NA,4,2,1632240,NA,NA,59401,36723,NA,1728691,1765566,165,164,285,149,FALSE,SOFT,4,FALSE,1632240,Haas F1 Team,HUL,1,FALSE,1677942733237
1857766,27,92360,5,2,NA,NA,29533,39687,23140,1794939,1834626,1857766,240,271,286,317,FALSE,SOFT,5,FALSE,1765406,Haas F1 Team,HUL,1,TRUE,1677942866403
1967191,27,109425,6,3,NA,1965375,34139,45704,29582,1891905,1937609,1967191,205,190,NA,241,FALSE,SOFT,3,FALSE,1857766,Haas F1 Team,HUL,1,FALSE,1677942958763
2385666,27,NA,7,3,2243354,NA,NA,60251,40126,NA,2345540,2385851,161,115,286,132,FALSE,SOFT,2,TRUE,1967191,Haas F1 Team,HUL,1,FALSE,1677943068188
2476870,27,91204,8,3,NA,NA,29049,39215,22940,2414715,2453930,2476870,241,270,284,318,FALSE,SOFT,3,TRUE,2385666,Haas F1 Team,HUL,1,TRUE,1677943486663
2597990,27,121120,9,4,NA,2596176,35085,52090,33945,2511955,2564045,2597990,181,176,NA,173,FALSE,SOFT,1,TRUE,2476870,Haas F1 Team,HUL,1,FALSE,1677943577867
3164859,27,NA,10,4,3033308,NA,NA,55215,38414,NA,3126463,3164900,180,134,285,NA,FALSE,SOFT,5,FALSE,2597990,Haas F1 Team,HUL,1,FALSE,1677943698987
3256791,27,91932,11,4,NA,NA,29430,39521,22981,3194289,3233810,3256791,241,270,287,316,FALSE,SOFT,6,FALSE,3164859,Haas F1 Team,HUL,1,TRUE,1677944265856
3361017,27,104226,12,5,NA,3359349,31982,43546,28698,3288773,3332319,3361017,219,239,NA,267,FALSE,SOFT,4,FALSE,3256791,Haas F1 Team,HUL,1,FALSE,1677944357788
3693702,27,NA,13,5,3570080,NA,NA,54544,31485,NA,3662219,3693875,195,181,287,159,FALSE,SOFT,2,TRUE,3361017,Haas F1 Team,HUL,1,FALSE,1677944462014
3784511,27,90809,14,5,NA,NA,29042,38957,22810,3722744,3761701,3784511,241,270,286,317,FALSE,SOFT,3,TRUE,3693702,Haas F1 Team,HUL,1,TRUE,1677944794699
3907979,27,123468,15,6,NA,3906168,35124,52674,35670,3819635,3872309,3907979,180,160,NA,230,FALSE,SOFT,1,TRUE,3784511,Haas F1 Team,HUL,1,FALSE,1677944885508
4712823,27,NA,16,6,4590718,NA,NA,53657,28576,NA,4684247,4712840,180,208,285,163,FALSE,SOFT,2,TRUE,3907979,Haas F1 Team,HUL,1,FALSE,1677945008976
4803878,27,91055,17,6,NA,NA,29132,39069,22854,4741955,4781024,4803878,242,270,286,315,TRUE,SOFT,3,TRUE,4712823,Haas F1 Team,HUL,1,TRUE,1677945813820
4919318,27,115440,18,6,NA,4917509,37124,47385,30931,4841002,4888387,4919318,178,203,NA,200,FALSE,SOFT,4,TRUE,4803878,Haas F1 Team,HUL,1,FALSE,1677945904875
1714754,4,NA,1,2,1158014,1292559,NA,NA,NA,NA,NA,NA,NA,NA,NA,151,FALSE,SOFT,1,TRUE,1158014,McLaren,NOR,5,FALSE,1677942259011
1850975,4,NA,2,2,1714754,NA,NA,51699,37238,NA,1813737,1851002,181,218,286,77,FALSE,SOFT,3,FALSE,1714754,McLaren,NOR,1,FALSE,1677942815751
1943530,4,92555,3,2,NA,NA,29564,39794,23197,1880539,1920333,1943530,239,268,285,319,FALSE,SOFT,4,FALSE,1850975,McLaren,NOR,1,TRUE,1677942951972
2050396,4,106866,4,3,NA,2048561,33966,44148,28752,1977496,2021644,2050396,197,217,NA,242,FALSE,SOFT,2,FALSE,1943530,McLaren,NOR,1,FALSE,1677943044527
2348962,4,NA,5,3,2217901,NA,NA,52869,33467,NA,2315509,2349149,166,138,286,81,FALSE,SOFT,2,TRUE,2050396,McLaren,NOR,1,FALSE,1677943151393
2440614,4,91652,6,3,NA,NA,29304,39257,23091,2378266,2417523,2440614,241,269,286,318,FALSE,SOFT,3,TRUE,2348962,McLaren,NOR,1,TRUE,1677943449959
2563030,4,122416,7,4,NA,2561067,36404,51685,34327,2477018,2528703,2563030,166,187,NA,215,FALSE,SOFT,1,TRUE,2440614,McLaren,NOR,1,FALSE,1677943541611
3186416,4,NA,8,4,3060527,NA,NA,51221,37780,NA,3148681,3186462,181,197,284,152,FALSE,SOFT,5,FALSE,2563030,McLaren,NOR,1,FALSE,1677943664027
3278607,4,92191,9,4,NA,NA,29492,39628,23071,3215908,3255536,3278607,240,267,286,317,FALSE,SOFT,6,FALSE,3186416,McLaren,NOR,1,TRUE,1677944287413
3394200,4,115593,10,5,NA,3392364,34607,49588,31398,3313214,3362802,3394200,191,188,NA,240,FALSE,SOFT,4,FALSE,3278607,McLaren,NOR,1,FALSE,1677944379604
3721454,4,NA,11,5,3590923,NA,NA,53602,32707,NA,3688750,3721640,176,160,285,89,FALSE,SOFT,2,TRUE,3394200,McLaren,NOR,1,FALSE,1677944495197
3812835,4,91381,12,5,NA,NA,29235,39210,22936,3750689,3789899,3812835,240,267,286,320,TRUE,SOFT,3,TRUE,3721454,McLaren,NOR,1,TRUE,1677944822451
3935495,4,122660,13,5,NA,3933698,36744,51526,34390,3849579,3901105,3935495,178,177,NA,232,FALSE,SOFT,4,TRUE,3812835,McLaren,NOR,1,FALSE,1677944913832
1741411,77,NA,1,1,1625740,NA,NA,45369,34954,NA,1706457,1741425,217,229,285,149,FALSE,SOFT,1,TRUE,1625740,Alfa Romeo,BOT,1,FALSE,1677942726737
1833363,77,91952,2,1,NA,NA,29286,39606,23060,1770697,1810303,1833363,240,268,282,316,FALSE,SOFT,2,TRUE,1741411,Alfa Romeo,BOT,1,TRUE,1677942842408
1957325,77,123962,3,2,NA,1955562,39774,52624,31564,1873137,1925761,1957325,215,222,NA,167,FALSE,SOFT,1,TRUE,1833363,Alfa Romeo,BOT,1,FALSE,1677942934360
2343411,77,NA,4,2,2212292,NA,NA,52344,44424,NA,2299025,2343571,186,205,284,178,FALSE,SOFT,2,TRUE,1957325,Alfa Romeo,BOT,1,FALSE,1677943058322
2434915,77,91504,5,2,NA,NA,29198,39320,22986,2372609,2411929,2434915,240,268,282,316,FALSE,SOFT,3,TRUE,2343411,Alfa Romeo,BOT,1,TRUE,1677943444408
2559950,77,125035,6,3,NA,2558176,38101,53923,33011,2473016,2526939,2559950,170,182,NA,179,FALSE,SOFT,1,TRUE,2434915,Alfa Romeo,BOT,1,FALSE,1677943535912
3173960,77,NA,7,3,3040902,NA,NA,55148,40060,NA,3133900,3173993,202,178,284,139,FALSE,SOFT,5,FALSE,2559950,Alfa Romeo,BOT,1,FALSE,1677943660947
3266130,77,92170,8,3,NA,NA,29404,39613,23153,3203364,3242977,3266130,239,268,281,317,FALSE,SOFT,6,FALSE,3173960,Alfa Romeo,BOT,1,TRUE,1677944274957
3381729,77,115599,9,4,NA,3379958,37219,46810,31570,3303349,3350159,3381729,208,227,NA,206,FALSE,SOFT,4,FALSE,3266130,Alfa Romeo,BOT,1,FALSE,1677944367127
3708367,77,NA,10,4,3576095,NA,NA,49710,43881,NA,3664500,3708531,205,185,285,128,FALSE,SOFT,5,NA,3381729,Alfa Romeo,BOT,1,FALSE,1677944482726
3799810,77,91443,11,4,NA,NA,29235,39327,22881,3737602,3776929,3799810,240,268,280,318,TRUE,SOFT,6,NA,3708367,Alfa Romeo,BOT,1,TRUE,1677944809364
3928478,77,128668,12,4,NA,3924402,39353,53270,36045,3839163,3892433,3928478,184,164,NA,148,FALSE,SOFT,7,NA,3799810,Alfa Romeo,BOT,1,FALSE,1677944900807
1736348,24,NA,1,1,1624162,NA,NA,46089,30392,NA,1705989,1736348,213,235,285,142,FALSE,SOFT,NA,TRUE,1624162,Alfa Romeo,ZHO,1,FALSE,1677942725159
1828295,24,91947,2,1,NA,NA,29442,39459,23046,1765790,1805249,1828295,239,269,285,316,FALSE,SOFT,NA,TRUE,1736348,Alfa Romeo,ZHO,1,TRUE,1677942837345
1952051,24,123756,3,2,NA,1950219,43293,51314,29149,1871588,1922902,1952051,155,215,NA,103,FALSE,SOFT,NA,TRUE,1828295,Alfa Romeo,ZHO,1,FALSE,1677942929292
2337657,24,NA,4,2,2211354,NA,NA,50646,41428,NA,2296306,2337837,149,198,285,190,FALSE,SOFT,2,TRUE,1952051,Alfa Romeo,ZHO,1,FALSE,1677943053048
2429272,24,91615,5,2,NA,NA,29212,39338,23065,2366869,2406207,2429272,239,269,286,317,FALSE,SOFT,3,TRUE,2337657,Alfa Romeo,ZHO,1,TRUE,1677943438654
2555778,24,126506,6,3,NA,2553926,38205,52263,36038,2467477,2519740,2555778,167,175,NA,237,FALSE,SOFT,1,TRUE,2429272,Alfa Romeo,ZHO,1,FALSE,1677943530269
3170126,24,NA,7,3,3039511,NA,NA,53574,39315,NA,3130869,3170150,173,128,284,147,FALSE,SOFT,5,FALSE,2555778,Alfa Romeo,ZHO,1,FALSE,1677943656775
3262359,24,92233,8,3,NA,NA,29565,39622,23046,3199691,3239313,3262359,240,268,286,316,FALSE,SOFT,6,FALSE,3170126,Alfa Romeo,ZHO,1,TRUE,1677944271123
3374991,24,112632,9,4,NA,3372990,34607,46680,31345,3296966,3343646,3374991,212,203,NA,263,FALSE,SOFT,4,FALSE,3262359,Alfa Romeo,ZHO,1,FALSE,1677944363356
3699040,24,NA,10,4,3573549,NA,NA,52932,35858,NA,3663266,3699249,187,118,286,150,FALSE,SOFT,2,TRUE,3374991,Alfa Romeo,ZHO,1,FALSE,1677944475988
3790513,24,91473,11,4,NA,NA,29041,39427,23005,3728081,3767508,3790513,240,267,286,318,TRUE,SOFT,3,TRUE,3699040,Alfa Romeo,ZHO,1,TRUE,1677944800037
3917435,24,126922,12,4,NA,3915542,37256,51524,38142,3827769,3879293,3917435,185,188,NA,260,FALSE,SOFT,4,TRUE,3790513,Alfa Romeo,ZHO,1,FALSE,1677944891510
1022095,22,NA,1,1,902988,NA,NA,52812,25206,NA,996892,1022095,139,198,286,134,FALSE,SOFT,NA,TRUE,902988,AlphaTauri,TSU,1,FALSE,1677942003985
1114227,22,92132,2,1,NA,NA,29548,39539,23045,1051643,1091182,1114227,239,269,285,312,FALSE,SOFT,NA,TRUE,1022095,AlphaTauri,TSU,1,TRUE,1677942123092
1670755,22,NA,3,2,NA,1234216,32907,NA,NA,1147186,NA,NA,215,NA,NA,299,FALSE,SOFT,NA,TRUE,1114227,AlphaTauri,TSU,5,FALSE,1677942215224
1790785,22,NA,4,2,1670755,NA,NA,56362,26576,NA,1764238,1790956,163,151,286,146,FALSE,SOFT,2,TRUE,1670755,AlphaTauri,TSU,1,FALSE,1677942771752
1882532,22,91747,5,2,NA,NA,29361,39391,22995,1820146,1859537,1882532,240,270,285,315,FALSE,SOFT,3,TRUE,1790785,AlphaTauri,TSU,1,TRUE,1677942891782
1991650,22,109118,6,3,NA,1989905,32905,45531,30682,1915437,1960968,1991650,213,194,NA,298,FALSE,SOFT,1,TRUE,1882532,AlphaTauri,TSU,1,FALSE,1677942983529
2315249,22,NA,7,3,2194355,NA,NA,55045,24912,NA,2290337,2315415,146,203,287,116,FALSE,SOFT,NA,TRUE,1991650,AlphaTauri,TSU,1,FALSE,1677943092647
2406649,22,91400,8,3,NA,NA,29242,39229,22929,2344491,2383720,2406649,239,270,290,316,FALSE,SOFT,NA,TRUE,2315249,AlphaTauri,TSU,1,TRUE,1677943416246
2541406,22,134757,9,4,NA,2539599,50942,47548,36267,2457591,2505139,2541406,187,206,NA,100,FALSE,SOFT,NA,TRUE,2406649,AlphaTauri,TSU,1,FALSE,1677943507646
3192629,22,NA,10,4,3062730,NA,NA,57434,30452,NA,3162228,3192634,142,147,285,132,FALSE,SOFT,5,FALSE,2541406,AlphaTauri,TSU,1,FALSE,1677943642403
3285349,22,92720,11,4,NA,NA,29661,39899,23160,3222290,3262189,3285349,238,268,285,316,FALSE,SOFT,6,FALSE,3192629,AlphaTauri,TSU,1,TRUE,1677944293626
3397214,22,111865,12,5,NA,3395396,33797,48484,29584,3319146,3367630,3397214,174,210,NA,295,FALSE,SOFT,4,FALSE,3285349,AlphaTauri,TSU,1,FALSE,1677944386346
3703817,22,NA,13,5,3575049,NA,NA,48612,39176,NA,3664688,3703999,171,221,288,121,FALSE,SOFT,5,FALSE,3397214,AlphaTauri,TSU,1,FALSE,1677944498211
3796327,22,92510,14,5,NA,NA,29540,39859,23111,3733357,3773216,3796327,238,268,287,320,TRUE,SOFT,6,FALSE,3703817,AlphaTauri,TSU,1,TRUE,1677944804814
3922311,22,125984,15,5,NA,3920527,36977,53895,35112,3833304,3887199,3922311,158,163,NA,268,FALSE,SOFT,7,FALSE,3796327,AlphaTauri,TSU,1,FALSE,1677944897324
1731361,23,NA,1,1,1622599,NA,NA,46536,25880,NA,1705489,1731379,214,226,291,172,FALSE,SOFT,1,TRUE,1622599,Williams,ALB,1,FALSE,1677942723596
1823455,23,92094,2,1,NA,NA,29384,39714,22996,1760745,1800459,1823455,240,274,289,323,FALSE,SOFT,2,TRUE,1731361,Williams,ALB,1,TRUE,1677942832358
1939779,23,116324,3,2,NA,1936266,40979,44244,31101,1864434,1908678,1939779,100,255,NA,183,FALSE,SOFT,1,TRUE,1823455,Williams,ALB,1,FALSE,1677942924452
2305106,23,NA,4,2,2190339,NA,NA,52697,27865,NA,2277291,2305306,223,207,290,178,FALSE,SOFT,2,TRUE,1939779,Williams,ALB,1,FALSE,1677943040776
2396567,23,91461,5,2,NA,NA,29250,39224,22987,2334356,2373580,2396567,241,274,291,322,TRUE,SOFT,3,TRUE,2305106,Williams,ALB,1,TRUE,1677943406103
2516968,23,120401,6,3,NA,2515146,39595,51641,29165,2436162,2487803,2516968,185,229,NA,129,FALSE,SOFT,1,TRUE,2396567,Williams,ALB,1,FALSE,1677943497564
3479737,23,NA,7,3,3364474,NA,NA,52245,27827,NA,3451910,3479941,217,172,291,194,FALSE,SOFT,2,TRUE,2516968,Williams,ALB,1,FALSE,1677943617965
3605271,23,125534,8,3,NA,3603455,30014,59600,35920,3509751,3569351,3605271,227,159,NA,322,FALSE,SOFT,3,TRUE,3479737,Williams,ALB,1,FALSE,1677944580734
1846980,2,NA,1,1,1711504,NA,NA,53454,36631,NA,1810362,1847002,198,140,288,76,FALSE,SOFT,1,TRUE,1711504,Williams,SAR,1,FALSE,1677942812501
1939653,2,92673,2,1,NA,NA,29940,39580,23153,1876920,1916500,1939653,239,271,281,322,FALSE,SOFT,2,TRUE,1846980,Williams,SAR,1,TRUE,1677942947977
2046590,2,106937,3,2,NA,2044701,31774,44513,30650,1971427,2015940,2046590,223,217,NA,303,FALSE,SOFT,1,TRUE,1939653,Williams,SAR,1,FALSE,1677943040650
2400715,2,NA,4,2,2262369,NA,NA,52153,49365,NA,2351414,2400898,180,186,288,132,FALSE,SOFT,2,TRUE,2046590,Williams,SAR,1,FALSE,1677943147587
2492367,2,91652,5,2,NA,NA,29352,39343,22957,2430067,2469410,2492367,241,271,285,322,TRUE,SOFT,3,TRUE,2400715,Williams,SAR,1,TRUE,1677943501712
2617776,2,125409,6,2,NA,2616019,38206,55118,32085,2530573,2585691,2617776,175,168,NA,302,FALSE,SOFT,4,TRUE,2492367,Williams,SAR,1,FALSE,1677943593364
1748503,20,NA,1,1,1627428,NA,NA,49064,35561,NA,1712942,1748551,193,214,285,117,FALSE,SOFT,1,TRUE,1627428,Haas F1 Team,MAG,1,FALSE,1677942728425
1840573,20,92070,2,1,NA,NA,29414,39561,23095,1777917,1817478,1840573,240,270,286,316,FALSE,SOFT,2,TRUE,1748503,Haas F1 Team,MAG,1,TRUE,1677942849500
1959039,20,118466,3,2,NA,1957234,43404,44688,30374,1883977,1928665,1959039,217,223,NA,183,FALSE,SOFT,1,TRUE,1840573,Haas F1 Team,MAG,1,FALSE,1677942941570
2328198,20,NA,4,2,2206292,NA,NA,53516,33491,NA,2294728,2328352,174,198,286,NA,FALSE,SOFT,2,TRUE,1959039,Haas F1 Team,MAG,1,FALSE,1677943060036
2420090,20,91892,5,2,NA,NA,29428,39369,23095,2357626,2396995,2420090,240,271,289,317,TRUE,SOFT,3,TRUE,2328198,Haas F1 Team,MAG,1,TRUE,1677943429195
2529516,20,109426,6,2,NA,2527708,33971,46898,28557,2454061,2500959,2529516,206,205,NA,306,FALSE,SOFT,4,TRUE,2420090,Haas F1 Team,MAG,1,FALSE,1677943521087
1696442,81,NA,1,2,1174608,1326870,NA,NA,NA,NA,NA,NA,NA,NA,NA,NA,FALSE,SOFT,1,TRUE,1174608,McLaren,PIA,5,FALSE,1677942275605
1830133,81,NA,2,2,1696442,NA,NA,48696,38067,NA,1792112,1830174,178,192,284,76,FALSE,SOFT,3,FALSE,1696442,McLaren,PIA,1,FALSE,1677942797439
1922766,81,92633,3,2,NA,NA,29815,39653,23165,1859948,1899601,1922766,238,268,285,316,FALSE,SOFT,4,FALSE,1830133,McLaren,PIA,1,TRUE,1677942931130
2036771,81,114005,4,3,NA,2034967,35399,49023,29583,1958165,2007188,2036771,199,208,NA,261,FALSE,SOFT,2,FALSE,1922766,McLaren,PIA,1,FALSE,1677943023763
2378178,81,NA,5,3,2230714,NA,NA,51086,49679,NA,2328540,2378367,197,108,285,74,FALSE,SOFT,2,TRUE,2036771,McLaren,PIA,1,FALSE,1677943137768
2470279,81,92101,6,3,NA,NA,29561,39454,23086,2407739,2447193,2470279,241,268,285,316,TRUE,SOFT,3,TRUE,2378178,McLaren,PIA,1,TRUE,1677943479175
2592405,81,122126,7,3,NA,2589285,38314,49786,34026,2508593,2558379,2592405,204,207,NA,228,FALSE,SOFT,4,TRUE,2470279,McLaren,PIA,1,FALSE,1677943571276
1027020,21,NA,1,1,904925,NA,NA,55481,25847,NA,1001173,1027032,166,194,285,162,FALSE,SOFT,1,TRUE,904925,AlphaTauri,DEV,1,FALSE,1677942005922
1119869,21,92849,2,1,NA,NA,29558,40170,23121,1056578,1096748,1119869,239,269,285,313,FALSE,SOFT,2,TRUE,1027020,AlphaTauri,DEV,1,TRUE,1677942128017
1674442,21,NA,3,2,NA,1241013,32668,NA,NA,1152655,NA,NA,216,NA,NA,297,FALSE,SOFT,1,TRUE,1119869,AlphaTauri,DEV,5,FALSE,1677942220866
1794508,21,NA,4,2,1674442,NA,NA,56366,27614,NA,1766894,1794675,175,187,285,187,FALSE,SOFT,2,TRUE,1674442,AlphaTauri,DEV,1,FALSE,1677942775439
1886629,21,92121,5,2,NA,NA,29382,39634,23105,1823890,1863524,1886629,240,270,285,315,TRUE,SOFT,3,TRUE,1794508,AlphaTauri,DEV,1,TRUE,1677942895505
1995393,21,108764,6,3,NA,1993546,33895,45174,29695,1920524,1965698,1995393,216,239,NA,176,FALSE,SOFT,1,TRUE,1886629,AlphaTauri,DEV,1,FALSE,1677942987626
2332266,21,NA,7,3,2208933,NA,NA,52598,36042,NA,2296290,2332399,171,223,286,NA,FALSE,SOFT,2,TRUE,1995393,AlphaTauri,DEV,1,FALSE,1677943096390
2424545,21,92279,8,3,NA,NA,29514,39699,23066,2361780,2401479,2424545,239,270,285,316,FALSE,SOFT,3,TRUE,2332266,AlphaTauri,DEV,1,TRUE,1677943433263
2545155,21,120610,9,3,NA,2543333,39367,50144,31099,2463912,2514056,2545155,179,216,NA,260,FALSE,SOFT,4,TRUE,2424545,AlphaTauri,DEV,1,FALSE,1677943525542
1841688,10,NA,1,1,1709629,NA,NA,52690,34617,NA,1807143,1841689,205,217,289,64,FALSE,SOFT,1,TRUE,1709629,Alpine,GAS,1,FALSE,1677942810626
1933869,10,92181,2,1,NA,NA,29330,39764,23087,1871018,1910782,1933869,241,269,286,324,TRUE,SOFT,2,TRUE,1841688,Alpine,GAS,1,TRUE,1677942942685
2046375,10,112506,3,2,NA,2043170,33458,47084,31964,1967327,2014411,2046375,209,210,NA,300,FALSE,SOFT,1,TRUE,1933869,Alpine,GAS,1,FALSE,1677943034866
2355464,10,NA,4,2,2214776,NA,NA,54291,45228,NA,2310275,2355633,184,196,287,96,FALSE,SOFT,2,TRUE,2046375,Alpine,GAS,1,FALSE,1677943147372
2447282,10,91818,5,2,NA,NA,29247,39412,23159,2384711,2424123,2447282,241,270,285,322,FALSE,SOFT,3,TRUE,2355464,Alpine,GAS,1,TRUE,1677943456461
2561848,10,114566,6,2,NA,2560036,36951,45775,31840,2484233,2530008,2561848,207,218,NA,288,FALSE,SOFT,4,TRUE,2447282,Alpine,GAS,1,FALSE,1677943548279
